Field,mean,std,min,max,count
education,0.9185294117647059,0.1461962940754111,0.7,1.0,4
email,1.0,0.0,1.0,1.0,4
experience,0.468125,0.06375000000000003,0.37249999999999994,0.5,4
name,1.0,0.0,1.0,1.0,4
overall,0.8116659610112283,0.019056372270459466,0.7964779411764706,0.8375205761316873,4
phone,0.9833333333333334,0.03333333333333335,0.9333333333333333,1.0,4
skills,0.7440069812998151,0.19007525337254422,0.5926613069470212,1.0,4
