Field,mean,std,min,max,count
education,0.9914285714285714,0.007953949089757134,0.9842857142857143,1.0,3
email,0.9922480620155039,0.01342675044627039,0.9767441860465116,1.0,3
experience,0.4803787878787879,0.028651090489297173,0.4475,0.5,3
name,1.0,0.0,1.0,1.0,3
overall,0.7849980243854828,0.01062812826628885,0.7731885369532429,0.793793981581357,3
phone,1.0,0.0,1.0,1.0,3
skills,0.5656469852898424,0.056841648340750145,0.5007541478129713,0.6066176470588236,3
