Field,mean,std,min,max,count
education,0.9905555555555555,0.009179284245476826,0.9816666666666667,1.0,3
email,0.9841179807146908,0.01376592297165244,0.975609756097561,1.0,3
experience,0.5,0.0,0.5,0.5,3
name,0.5,0.5,0.0,1.0,3
overall,0.6985306684217042,0.08492707389222226,0.6476222501195601,0.7965717743887679,3
phone,1.0,0.0,1.0,1.0,3
skills,0.508031036956496,0.18081014314174976,0.3002450980392157,0.6295609152752009,3
